101,Vasantha,M,vasanthi987@gmail.com,100000
102,Jefina,Miraclin,jefinammu98@gmail.com,20000
103,Sathish,kumar,sathishkumar978@gmail.com,28000
104,Kalaivani,D,kalaioffl98@gmail.com,35000
105,Arun,Pandian,arunreentry@gmail.com,100000
106,David,Gem,davidgem89@gmail.com,30000
107,Ajay,Santhosh,ajaysandy149@gmail.com,35000
